"","mean","se_mean","sd","2.5%","25%","50%","75%","97.5%","n_eff","Rhat","looic","looic_se"
"mu_alpha",0.236651015277535,0.00413750052826178,0.23720558081373,0.00131801982549308,0.0442939323937284,0.152770720474424,0.370158187967748,0.828991425133079,3286.80304568864,0.999848072558668,22305.3924916112,25.8218972217548
"mu_beta",0.340471411252403,0.011634899716398,0.463827061492317,0.0258856729270136,0.09619737141979,0.19262844798168,0.394578620274562,1.53624398383214,1589.23045220999,0.999937806671831,22305.3924916112,25.8218972217548
"rho[1,1]",1,NA,0,1,1,1,1,1,NA,NA,22305.3924916112,25.8218972217548
"rho[1,2]",-0.904878643430648,0.00154678811361721,0.0669883283475268,-0.982712687371274,-0.951929975019564,-0.921334777504714,-0.876440267465693,-0.73795939638599,1875.58447241115,1.00214024252419,22305.3924916112,25.8218972217548
"rho[2,1]",-0.904878643430648,0.00154678811361721,0.0669883283475268,-0.982712687371274,-0.951929975019564,-0.921334777504714,-0.876440267465693,-0.73795939638599,1875.58447241115,1.00214024252419,22305.3924916112,25.8218972217548
"rho[2,2]",1,1.18454849011081e-19,8.95165018455704e-18,1,1,1,1,1,5710.84690315178,0.999666611092585,22305.3924916112,25.8218972217548
