"","mean","se_mean","sd","2.5%","25%","50%","75%","97.5%","n_eff","Rhat","looic","looic_se"
"mu_alpha",0.00423863817014025,0.000473692454136682,0.00336050007358076,0.000405909321861956,0.00182817021948081,0.0034196751219759,0.00566917034800708,0.012828940404619,50.3286041403353,1.04873449925992,18458.6349856924,103.491841798669
"mu_beta",0.136811376936626,0.00128612005952289,0.0320052476863829,0.0840861592622714,0.114191190177632,0.133423073726464,0.155201548095451,0.210155948758717,619.26902988116,1.01156139306076,18458.6349856924,103.491841798669
"mu_phi_c",1.69405047077274,0.114248121625604,0.588965639955388,0.622966183955937,1.28323830293009,1.67927068984284,2.07498976726021,2.91060253097806,26.5755206025361,1.03624585358812,18458.6349856924,103.491841798669
"mu_eta",0.218052507509798,0.00623210482359047,0.221016688368521,0.00221042724366962,0.0438360534805685,0.134854969848938,0.334925896022386,0.788479373929635,1257.71035211164,1.0107687557705,18458.6349856924,103.491841798669
"mu_phi_mc",1.20544430812621,0.0141862944770826,0.941051488615613,-0.678048662079824,0.573039984812748,1.213018522067,1.86209674282999,2.99447575034852,4400.36630816939,1.00022458925462,18458.6349856924,103.491841798669
