"","Estimate","Std. Error","z value","Pr(>|z|)"
"(Intercept)",0.674441894182797,0.125380080530946,5.37917898382854,7.48262897302038e-08
"mi_pair_f00",-0.201475483724775,0.112647047055992,-1.78855539483987,0.073686446877832
"mi_pair_f01",-1.36806997168028,0.115665224730488,-11.827841729163,2.80255301601871e-32
"mi_pair_f10",0.381807970438863,0.116975741010026,3.26399274877121,0.00109853976931615
