"","Estimate","Std. Error","z value","Pr(>|z|)"
"mi_pair00",0.472952927095112,0.124155757283119,3.80935155521313,0.000139331729315271
"mi_pair01",-0.693642993289517,0.125541836382137,-5.52519393756623,3.2912185192151e-08
"mi_pair10",1.05623096730205,0.12859026148596,8.2139265843034,2.14070494032202e-16
"mi_pair11",0.67443338072938,0.125376836727172,5.37925025335413,7.47966767412906e-08
